Base Sequence	Protein Group	Intensity_example-Calibrated	Detection Type_example-Calibrated	
[PeptideTermMod:Carbon Adduct]HADGSFSDEMSTILDNLATR	P55095	3863913.38656229	MSMS
EAEAAIYHLQLFEELR	P52480	3828348.25	MSMS
GHYTEGAELVDSVLDVVR	P99024|Q7TMM9|Q9CWF2	192011097.829966	MSMS
HAD[Mod:Water loss]GSFSDEMSTILDNLATR	P55095	8065390.51547848	MSMS
HADGS[Mod:Phospho on S]FS[Mod:Phospho on S]DEMSTILDNLATR	P55095	2454996.859375	MSMS
HADGSFSD[Metal:Sodium on D]EMSTILDNLATR	P55095	10514210.375	MSMS
HADGSFSDE[Metal:Calcium on E]MSTILDNLATR	P55095	3477578.8046875	MSMS
HADGSFSDE[Metal:Sodium on E]MSTILDNLATR	P55095	10514210.375	MSMS
HADGSFSDEM[Common Variable:Oxidation of M]STILDNLATR	P55095	3808502.03125	MSMS
HADGSFSDEM[Mod:Oxidation and then loss of oxidized M side chain]STILD[Mod:Oxidation on D]NLATR	P55095	529835.174205483	MSMS
HADGSFSDEMSTILD[Mod:Water loss]NLATR	P55095	1506690.8125	MSMS
HADGSFSDEMSTILDNLATR	P55095	296806119.431701	MSMS
HAEGTFTSDVSSYLEGQAAK	P55095	30357247	MSMS
RFDEILEASDGIMVAR	P52480	2325089.03125	MSMS
